mean_brightness,contrast,dark_pixel_ratio,bright_pixel_ratio,edge_density,label,image_name
122.09614656409438,38.01434479318785,0.01633250956632653,0.6985311702806123,0.3773616868622449,1,IMG_20180513_164959951_HDR resized_448.jpg
131.82270408163265,29.31914817465379,0.006741270727040816,0.8657027264030612,0.37802933673469385,1,IMG_20180513_165129852_HDR resized_448.jpg
121.17121731505102,35.572562853952114,0.02499202806122449,0.7462482063137755,0.37007732780612246,1,IMG_20180513_165150613_HDR resized_448.jpg
130.11770069355867,32.74508597751128,0.008888711734693877,0.8191117267219388,0.3809191645408163,1,IMG_20180513_165345878_HDR resized_448.jpg
131.07999840561226,33.19935636967932,0.009740712691326531,0.8256935586734694,0.37952407525510207,1,IMG_20180513_165349788_HDR resized_448.jpg
136.03039799904337,32.54933870977225,0.01132015306122449,0.8715172592474489,0.37001753826530615,1,IMG_20180513_165353081_HDR resized_448.jpg
129.53543028539542,28.44351546666485,0.006188217474489796,0.8528031329719388,0.37631038743622447,1,IMG_20180513_165451567_HDR resized_448.jpg
123.32829938616071,27.840251523943287,0.009092992665816327,0.8169642857142857,0.3778449856505102,1,IMG_20180513_165455803_HDR resized_448.jpg
125.12835319674745,26.41693330235999,0.006641621492346939,0.8424097177933674,0.37772042410714285,1,IMG_20180513_165500303_HDR resized_448.jpg
128.9655213647959,34.28086044161099,0.01718949298469388,0.8065011160714286,0.3749302455357143,1,IMG_20180513_165512488_HDR resized_448.jpg
125.14559251434949,30.31181577319385,0.010846819196428572,0.8100884885204082,0.375179368622449,1,IMG_20180513_165515651_HDR resized_448.jpg
125.30229591836735,28.733487547993946,0.009003308354591837,0.8241838727678571,0.37802435427295916,1,IMG_20180513_165521775_HDR resized_448.jpg
126.38171635841837,29.222190089488162,0.007453762755102041,0.8187779017857143,0.37730189732142855,1,IMG_20180513_165533492_HDR resized_448.jpg
123.01300920758929,31.370245778407586,0.013806401466836735,0.7836664939413265,0.37746631855867346,1,IMG_20180513_165538350_HDR resized_448.jpg
120.40689273756378,26.24201508859658,0.0036073022959183672,0.7862224968112245,0.3684231505102041,1,IMG_20180513_165547907_HDR resized_448.jpg
129.1435696348852,32.54449190705816,0.009451729910714286,0.8124451929209183,0.376773756377551,1,IMG_20180513_165706718_HDR resized_448.jpg
129.98327885841837,33.63299453998656,0.016506895727040817,0.8188376913265306,0.37057059151785715,1,IMG_20180513_165710583_HDR resized_448.jpg
123.35762615593113,30.21211711919125,0.0074587452168367345,0.7931829958545918,0.36837332589285715,1,IMG_20180513_165717627_HDR resized_448.jpg
126.54556959502551,29.422398968938474,0.00794204400510204,0.8287378427933674,0.3731664540816326,1,IMG_20180513_165733359_HDR resized_448.jpg
124.8935845822704,28.879883622873756,0.007538464604591837,0.8195352359693877,0.3718809789540816,1,IMG_20180513_165741688_HDR resized_448.jpg
128.08677953603316,29.468275700555935,0.00661670918367347,0.8337302694515306,0.3721948740433674,1,IMG_20180513_165749116_HDR resized_448.jpg
129.50777762276786,25.284313823511276,0.00412547831632653,0.8787119339923469,0.3759267378826531,1,IMG_20180513_170350654_HDR resized_448.jpg
130.93840680803572,22.301934856747216,0.002102598852040816,0.911262356505102,0.3719457509566326,1,IMG_20180513_170357440_HDR resized_448.jpg
125.63300681600765,24.19959880793392,0.0042948820153061226,0.8689811862244898,0.3656429368622449,1,IMG_20180513_170406108_HDR resized_448.jpg
126.4061055086097,22.12934366752619,0.0011409837372448979,0.8908143335459183,0.37106385522959184,1,IMG_20180513_170430826_HDR resized_448.jpg
115.22421077806122,23.476416512520565,0.0031140385841836736,0.7488639987244898,0.3711684869260204,1,IMG_20180513_170453882_HDR resized_448.jpg
112.97772839604592,21.948299937052195,0.0034329161352040817,0.735107421875,0.37046097735969385,1,IMG_20180513_170500983_HDR resized_448.jpg
116.37380420918367,24.445832794092787,0.003951092155612245,0.7578374123086735,0.3687220982142857,1,IMG_20180513_170515937_HDR resized_448.jpg
116.17196468431122,24.321785311260953,0.006895727040816327,0.7731335698341837,0.3635752152423469,1,IMG_20180513_170526931_HDR resized_448.jpg
111.75333326690051,23.45257203198234,0.006392498405612245,0.7121880978954082,0.3647510762117347,1,IMG_20180513_170535927_HDR resized_448.jpg
118.21609933035714,26.143219762531082,0.0055056202168367345,0.7732880261479592,0.37071508290816324,1,IMG_20180513_170700279_HDR resized_448.jpg
119.28413982780613,31.315444870251717,0.013706752232142858,0.7373893893494898,0.377017897002551,1,IMG_20180513_170710091_HDR resized_448.jpg
120.12632533482143,32.459418739908784,0.014085419323979591,0.7273347815688775,0.38234913105867346,1,IMG_20180513_170718753_HDR resized_448.jpg
119.83950494260205,28.942628457934244,0.010592713647959183,0.7617436623086735,0.3740931919642857,1,IMG_20180513_170728853_HDR resized_448.jpg
124.06576351243622,29.953777551380945,0.007164779974489796,0.7864168128188775,0.3765395806760204,1,IMG_20180513_170746398_HDR resized_448.jpg
110.35529934630102,44.85438122863646,0.08613679846938775,0.5599240672831632,0.3677505181760204,1,IMG_20180513_170844630_HDR resized_448.jpg
117.30924147002551,30.54362697537398,0.013985770089285714,0.7222128109056123,0.37661431760204084,1,IMG_20180514_164920326_HDR resized_448.jpg
125.20807756696429,34.051006786596574,0.016287667410714284,0.7789481026785714,0.3785026705994898,1,IMG_20180514_164936208_HDR resized_448.jpg
132.60138811383928,36.4698307284053,0.027553013392857144,0.8337153220663265,0.37318140146683676,1,IMG_20180514_164944000_HDR resized_448.jpg
126.85186643016581,34.57544735089749,0.02166374362244898,0.7963020169005102,0.3750697544642857,1,IMG_20180514_164949995_HDR resized_448.jpg
122.7708814971301,39.29689972318657,0.03527084661989796,0.7241509885204082,0.36929508131377553,1,IMG_20180514_164955695_HDR resized_448.jpg
113.23254145408163,32.46112756544892,0.02377132493622449,0.6638482541454082,0.37268813775510207,1,IMG_20180514_165008040_HDR resized_448.jpg
117.45674724968113,34.76834671205831,0.021589006696428572,0.6824826610331632,0.3803113042091837,1,IMG_20180514_165031728_HDR resized_448.jpg
114.69170519770408,35.13725705431269,0.020976163903061226,0.6413922991071429,0.3719108737244898,1,IMG_20180514_165039112_HDR resized_448.jpg
126.33122409119898,37.74766410247456,0.027059749681122448,0.7707619180484694,0.3748256138392857,1,IMG_20180514_165050302_HDR resized_448.jpg
118.76679587850765,37.21459310668771,0.02727897799744898,0.6872757892219388,0.36477598852040816,1,IMG_20180514_165115894_HDR resized_448.jpg
122.84574796715562,33.7403453032776,0.014543805803571428,0.7498953683035714,0.3723891900510204,1,IMG_20180514_165152754_HDR resized_448.jpg
126.47698102678571,39.83060667900614,0.025754344706632654,0.7456004862882653,0.3805305325255102,1,IMG_20180514_165211442_HDR resized_448.jpg
124.75801678093113,37.60719151969369,0.02228156887755102,0.7438616071428571,0.380550462372449,1,IMG_20180514_165217078_HDR resized_448.jpg
136.7327507174745,34.45139465052569,0.013906050701530613,0.8806550940688775,0.36445711096938777,1,IMG_20180514_165228668_HDR resized_448.jpg
132.0914381377551,35.6614922247931,0.017632932079081634,0.8379354671556123,0.37697305484693877,1,IMG_20180514_165245540_HDR resized_448.jpg
130.58487125318877,33.11920391621531,0.01612822863520408,0.857536471619898,0.37436722735969385,1,IMG_20180514_165251954_HDR resized_448.jpg
136.6976692044005,32.664190601399575,0.00826092155612245,0.8884526466836735,0.3415676817602041,1,IMG_20180514_165259100 resized_448.jpg
130.1073670679209,34.66047374496882,0.01739875637755102,0.8420758928571429,0.3717564174107143,1,IMG_20180514_165302026_HDR resized_448.jpg
128.10413843271684,33.92913668486328,0.014653419961734694,0.8236557318239796,0.3755032286352041,1,IMG_20180514_165307482_HDR resized_448.jpg
130.3260871731505,35.48195634668012,0.016880580357142856,0.8295200892857143,0.3737045599489796,1,IMG_20180514_165340357_HDR resized_448.jpg
130.97096719547193,40.377971833466425,0.0222965162627551,0.7902234135841837,0.3720852598852041,1,IMG_20180514_165358823_HDR resized_448.jpg
129.7754753268495,41.798471994372264,0.025604870854591837,0.765022122130102,0.373844068877551,1,IMG_20180514_165411841_HDR resized_448.jpg
134.38895089285714,37.400394324963564,0.017528300382653062,0.8374422034438775,0.379150390625,1,IMG_20180514_165427375_HDR resized_448.jpg
133.76509685905611,35.021859721681544,0.01184829400510204,0.8411342075892857,0.3837193080357143,1,IMG_20180514_165444055_HDR resized_448.jpg
133.01302913743623,38.818646566735765,0.019346898915816327,0.8146773357780612,0.383056640625,1,IMG_20180514_165457873_HDR resized_448.jpg
131.87223473373726,41.13253453142682,0.0282405931122449,0.7878816565688775,0.38391860650510207,1,IMG_20180514_165505511_HDR resized_448.jpg
125.73122608418367,34.743143116332284,0.012600645727040817,0.7824457908163265,0.3727279974489796,1,IMG_20180514_165529728_HDR resized_448.jpg
126.12237424266581,33.35978142572418,0.008694395727040817,0.7932975924744898,0.37338568239795916,1,IMG_20180514_165535720_HDR resized_448.jpg
132.4480976961097,39.68425028712406,0.02280472735969388,0.8054448341836735,0.38220962213010207,1,IMG_20180514_165710828_HDR resized_448.jpg
138.43151606345663,37.96664513252969,0.018624441964285716,0.8604960538903061,0.3818309550382653,1,IMG_20180514_165717791_HDR resized_448.jpg
136.75328344228316,39.7744523135263,0.022744937818877552,0.8368343431122449,0.3841179049744898,1,IMG_20180514_165724162_HDR resized_448.jpg
140.7325364716199,39.60568140121175,0.0209163743622449,0.8719706632653061,0.3392857142857143,1,IMG_20180514_165731332_HDR resized_448.jpg
128.88655432876274,37.23626526533446,0.016068439094387755,0.7969248246173469,0.3760562818877551,1,IMG_20180514_165740460_HDR resized_448.jpg
138.70589026626274,39.50996782812222,0.020213847257653062,0.8631367586096939,0.37258350605867346,1,IMG_20180514_165746314_HDR resized_448.jpg
139.5040507413903,38.867259188526546,0.023213289221938774,0.8714375398596939,0.37632533482142855,1,IMG_20180514_165751038_HDR resized_448.jpg
140.8695740991709,38.30609088614458,0.018420161033163265,0.8835748166454082,0.37259845344387754,1,IMG_20180514_165757436_HDR resized_448.jpg
135.74099170918367,42.53358351242103,0.031165298150510203,0.81640625,0.38034618144132654,1,IMG_20180514_165811955_HDR resized_448.jpg
141.91057477678572,43.68841163107546,0.031548947704081634,0.8487224968112245,0.3738291214923469,1,IMG_20180514_165823466_HDR resized_448.jpg
138.53146922831633,38.91244797623709,0.02540058992346939,0.8535056600765306,0.38302176339285715,1,IMG_20180514_165831579_HDR resized_448.jpg
140.54795619419642,40.44650115429462,0.029072664221938774,0.8561762595663265,0.38391860650510207,1,IMG_20180514_165837194_HDR resized_448.jpg
139.7362284757653,39.870096327346396,0.02741848692602041,0.8573969626913265,0.38170141103316324,1,IMG_20180514_165847101_HDR resized_448.jpg
143.685791015625,37.68846164672588,0.022431042729591837,0.9150390625,0.36576251594387754,1,IMG_20180514_170008541_HDR resized_448.jpg
140.78237603635205,41.00502144401612,0.03364158163265306,0.8737145248724489,0.36300721460459184,1,IMG_20180514_170015428_HDR resized_448.jpg
131.98486826371175,35.24529843662475,0.015869140625,0.8536102917729592,0.3691356425382653,1,IMG_20180514_170026184_HDR resized_448.jpg
123.7784498565051,36.65492856115611,0.014304647640306123,0.7448780293367347,0.3605110012755102,1,IMG_20180514_170032562_HDR resized_448.jpg
123.21070830676021,36.774739062080094,0.016237842793367346,0.7358797034438775,0.3731166294642857,1,IMG_20180514_170039467_HDR resized_448.jpg
145.95154057716837,38.03577943460252,0.021449497767857144,0.9192093829719388,0.3566794882015306,1,IMG_20180514_170051550_HDR resized_448.jpg
136.50503726881377,36.251459035234994,0.018011599170918366,0.8864447146045918,0.36991290656887754,1,IMG_20180514_170055705_HDR resized_448.jpg
136.7872987085459,36.42237915285376,0.018435108418367346,0.8785624601403061,0.37178132971938777,1,IMG_20180514_170100812_HDR resized_448.jpg
130.55647620376274,37.7358504461189,0.018380301339285716,0.8117825255102041,0.3750049824617347,1,IMG_20180514_170105907_HDR resized_448.jpg
134.40466059470663,38.153605110271734,0.019705636160714284,0.8450803172831632,0.3738341039540816,1,IMG_20180514_170122537_HDR resized_448.jpg
123.48477857940051,39.07174313464961,0.022620376275510203,0.7231246014030612,0.37900589923469385,1,IMG_20180514_170137161_HDR resized_448.jpg
120.67710658482143,35.37073099239234,0.011918048469387755,0.7071707589285714,0.37136778539540816,1,IMG_20180514_170144972_HDR resized_448.jpg
130.13062519929846,39.26067690897592,0.018016581632653062,0.7808713329081632,0.37705775669642855,1,IMG_20180514_170158322_HDR resized_448.jpg
121.86080496651786,33.42007120669325,0.009641063456632654,0.7405432876275511,0.3681590800382653,1,IMG_20180514_170217038_HDR resized_448.jpg
135.1423937739158,43.87447463974901,0.033771125637755105,0.8001684072066326,0.37709761639030615,1,IMG_20180514_170355485_HDR resized_448.jpg
130.37607122927295,52.52105647798305,0.07394969706632654,0.7237972337372449,0.37147241709183676,1,IMG_20180514_170400947 resized_448.jpg
141.57317741549744,43.0587038038836,0.03083645567602041,0.8528728874362245,0.370849609375,1,IMG_20180514_170411390_HDR resized_448.jpg
143.64914500956633,40.500994972671045,0.02662627551020408,0.8754235092474489,0.36220005580357145,1,IMG_20180514_170416728_HDR resized_448.jpg
144.3275520169005,42.92708099021463,0.03343231823979592,0.8654834980867347,0.3643425143494898,1,IMG_20180514_170423229_HDR resized_448.jpg
131.807861328125,36.440851721780156,0.010333625637755101,0.7995356345663265,0.38975805165816324,1,IMG_20180514_170638485_HDR resized_448.jpg
132.24847038424744,32.2509184616738,0.0024713010204081634,0.8327487244897959,0.38759566326530615,1,IMG_20180514_170646586_HDR resized_448.jpg
129.60784040178572,33.86976590768853,0.00637256855867347,0.7930434869260204,0.38497987085459184,1,IMG_20180514_170703597_HDR resized_448.jpg
134.2956692442602,34.11216001773487,0.005744778380102041,0.8307607222576531,0.38088428730867346,1,IMG_20180514_170708710_HDR (1) resized_448.jpg
134.2956692442602,34.11216001773487,0.005744778380102041,0.8307607222576531,0.38088428730867346,1,IMG_20180514_170708710_HDR resized_448.jpg
172.28199238679846,27.858429804157353,9.964923469387754e-06,0.9970503826530612,0.3802515146683674,1,IMG_8404 resized_448.jpg
127.56133410395408,22.388469076700073,1.992984693877551e-05,0.8926080197704082,0.37056062659438777,1,IMG_8405 resized_448.jpg
128.2636569276148,21.749097533337686,9.964923469387754e-06,0.9088358976403061,0.37655951052295916,1,IMG_8406 resized_448.jpg
129.21920838647958,25.672204036421057,0.0002242107780612245,0.872429049744898,0.3716667330994898,1,IMG_8407 resized_448.jpg
149.07951510682398,38.59128372082474,0.00013452646683673468,0.8890256297831632,0.3815220424107143,1,IMG_8412 resized_448.jpg
151.24364736128825,40.20142147866146,0.00017438616071428572,0.8804059709821429,0.3814174107142857,1,IMG_8413 resized_448.jpg
154.78866888552295,38.02356087997652,1.4947385204081632e-05,0.9184520487882653,0.38220962213010207,1,IMG_8414 resized_448.jpg
153.0038066007653,41.86679875449285,0.00027901785714285713,0.8705307318239796,0.3812978316326531,1,IMG_8415 resized_448.jpg
149.16322544642858,39.604535799465424,0.0001793686224489796,0.8760064572704082,0.38136758609693877,1,IMG_8416 resized_448.jpg
137.02109076052295,51.2556398228916,0.04021344866071429,0.7360291772959183,0.3809390943877551,1,IMG_8417 resized_448.jpg
137.67683254942602,49.91627975953964,0.03366649394132653,0.7474390146683674,0.3821348852040816,1,IMG_8418 resized_448.jpg
130.39819834183675,53.49302102454555,0.07128408003826531,0.6818299585459183,0.38491011639030615,1,IMG_8419 resized_448.jpg
133.39755560427295,19.591950273244993,4.982461734693877e-06,0.9546645806760204,0.36851283482142855,1,IMG_8423 resized_448.jpg
183.07546934789542,20.191324424125725,0.0,0.9998804209183674,0.36752630739795916,1,IMG_8424 resized_448.jpg
172.0958924585459,32.34077540220682,8.470184948979592e-05,0.9807228555484694,0.3834652024872449,1,IMG_8426 resized_448.jpg
168.38315130739795,33.50193370931205,4.982461734693878e-05,0.9696020009566326,0.38587671396683676,1,IMG_8428 resized_448.jpg
123.66672313456633,63.90647255550068,0.19070870535714285,0.599968112244898,0.3600974569515306,1,IMG_8429 resized_448.jpg
128.48067801339286,63.35570328280875,0.16597078284438777,0.6342873086734694,0.36720742984693877,1,IMG_8430 resized_448.jpg
131.08531469228316,61.76538990123068,0.15043048469387754,0.6693389269770408,0.3649952168367347,1,IMG_8431 resized_448.jpg
148.95683693399235,48.97904289803655,0.006113480548469388,0.7973682637117347,0.375244140625,1,IMG_8432 resized_448.jpg
146.38534359056123,48.52676577113791,0.009446747448979591,0.7971141581632653,0.38218470982142855,1,IMG_8433 resized_448.jpg
150.58229532047193,47.29305936232306,0.0059939014668367345,0.8275470344387755,0.38221958705357145,1,IMG_8434 resized_448.jpg
147.67848672672193,48.61556832628169,0.009451729910714286,0.8039351482780612,0.3831413424744898,1,IMG_8435 resized_448.jpg
144.1006407445791,49.33859872561029,0.0176578443877551,0.7877919722576531,0.3827327806122449,1,IMG_8436 resized_448.jpg
140.87964863679846,48.26425433936485,0.019321986607142856,0.7785594706632653,0.38430723852040816,1,IMG_8437 resized_448.jpg
139.82960977359693,53.29968293664747,0.04900749362244898,0.7447933274872449,0.37136280293367346,1,IMG_8438 resized_448.jpg
145.87953404017858,48.93045330540633,0.017802335778061226,0.7989526865433674,0.3795788823341837,1,IMG_8439 resized_448.jpg
145.42338966836735,52.9349839341888,0.03073680644132653,0.7728396045918368,0.37515445631377553,1,IMG_8440 resized_448.jpg
128.2617785395408,57.1236018476752,0.11424784757653061,0.6686015226403061,0.37357999840561223,1,IMG_8441 resized_448.jpg
143.36218012595663,51.423025832019874,0.03750298947704082,0.7759486607142857,0.37227957589285715,1,IMG_8442 resized_448.jpg
134.14572704081633,55.112493111817315,0.06606246014030612,0.6995525749362245,0.3754334741709184,1,IMG_8443 resized_448.jpg
153.84750677614795,46.268456676972136,0.0016940369897959183,0.8430574378188775,0.3714126275510204,1,IMG_8444 resized_448.jpg
150.01102120535714,50.13673962218197,0.005465760522959184,0.7991220902423469,0.373046875,1,IMG_8445 resized_448.jpg
154.56166294642858,47.27926202430673,0.0011110889668367347,0.8349659199617347,0.3753288424744898,1,IMG_8446 resized_448.jpg
146.07517538265307,48.503454713553396,0.004628706951530612,0.7815240353954082,0.3740832270408163,1,IMG_8447 resized_448.jpg
124.85237464126276,47.31438505786215,0.005919164540816327,0.6235799984056123,0.36716258769132654,1,IMG_8449 resized_448.jpg
154.45712591677295,43.15244021885305,0.0006626674107142857,0.8646016023596939,0.3706752232142857,1,IMG_8453 resized_448.jpg
151.99427515146684,45.8421288703674,0.003343231823979592,0.8369389748086735,0.3723742426658163,1,IMG_8455 resized_448.jpg
154.74147999043367,44.90592071560281,0.0011559311224489796,0.855354153380102,0.36006756218112246,1,IMG_8456 resized_448.jpg
131.46410136320154,26.628263742838296,0.0012854751275510204,0.8788414779974489,0.3921595982142857,1,IMG_8462 resized_448.jpg
170.7235481106505,31.755113246996885,0.00027901785714285713,0.9863032126913265,0.39255321269132654,1,IMG_8463 resized_448.jpg
172.6482531489158,29.889818021169983,7.971938775510203e-05,0.9912557796556123,0.3932607222576531,1,IMG_8464 resized_448.jpg
173.3976602359694,32.13989693254811,0.00016940369897959184,0.9844347895408163,0.3917261240433674,1,IMG_8465 resized_448.jpg
170.92755998883928,31.22724664278965,0.00010463169642857142,0.9854462292729592,0.39310128348214285,1,IMG_8466 resized_448.jpg
172.93656329719389,30.55090362774233,7.971938775510203e-05,0.9882463727678571,0.3943618463010204,1,IMG_8467 resized_448.jpg
164.4499661192602,41.96363812426386,0.0010811941964285715,0.8994688695790817,0.38742127710459184,1,IMG_8468 resized_448.jpg
169.01443419164542,23.952108250365164,9.964923469387754e-06,0.9968411192602041,0.39137735172193877,1,IMG_8469 resized_448.jpg
170.36282286352042,31.745124129012165,0.00016940369897959184,0.9845742984693877,0.39174605389030615,1,IMG_8470 resized_448.jpg
171.38560267857142,31.455724104044048,0.00012456154336734694,0.9867167570153061,0.3927525111607143,1,IMG_8471 resized_448.jpg
170.72635821906889,32.019817857840195,0.00012456154336734694,0.9850575972576531,0.3909438775510204,1,IMG_8472 resized_448.jpg
169.95321468431123,33.16374042353745,0.00026407047193877553,0.9815150669642857,0.38789461096938777,1,IMG_8473 resized_448.jpg
134.97544642857142,21.74068950878245,0.00019431600765306122,0.9478087133290817,0.37497010522959184,1,IMG_8474 resized_448.jpg
177.53867885044642,27.257540094231175,4.982461734693877e-06,0.9944445551658163,0.38387874681122447,1,IMG_8475 resized_448.jpg
176.83182198660714,28.050572875942592,4.982461734693877e-06,0.994514309630102,0.38125298947704084,1,IMG_8476 resized_448.jpg
180.5562121332908,25.351449056449606,0.0,0.9973991549744898,0.3841079400510204,1,IMG_8477 resized_448.jpg
189.69480428890307,20.714267378704804,0.0,0.9995615433673469,0.3577208227040816,1,IMG_8478 resized_448.jpg
181.27729392538265,25.965942064575373,0.0,0.9963428730867347,0.3703563456632653,1,IMG_8479 resized_448.jpg
187.65987224968111,22.278232777927695,0.0,0.9995465959821429,0.3292261240433674,1,IMG_8480 resized_448.jpg
181.99429009885205,25.527969044282695,0.0,0.9986846301020408,0.3642677774234694,1,IMG_8481 resized_448.jpg
180.89152184311226,28.15560836341661,0.0,0.9962631536989796,0.3825185347576531,1,IMG_8483 resized_448.jpg
181.8704161352041,29.37045918745021,0.0,0.995720065369898,0.3839634486607143,1,IMG_8484 resized_448.jpg
183.57293327487244,28.939585232768742,0.0,0.9964624521683674,0.38447664221938777,1,IMG_8485 resized_448.jpg
175.73151506696428,27.693296632157693,0.0,0.9954011878188775,0.3847755899234694,1,IMG_8486 resized_448.jpg
172.18303571428572,29.121634141916953,9.964923469387754e-06,0.9918935347576531,0.38352000956632654,1,IMG_8487 resized_448.jpg
183.2753059231505,24.660101991631038,0.0,0.9990832270408163,0.35697345344387754,1,IMG_8488 resized_448.jpg
171.967041015625,27.990633983566163,4.982461734693877e-06,0.9940409757653061,0.3805305325255102,1,IMG_8489 resized_448.jpg
177.48010004783163,27.266569511700936,0.0,0.99658203125,0.3847755899234694,1,IMG_8490 resized_448.jpg
185.3058085538903,22.380415518622794,0.0,0.9995216836734694,0.384456712372449,1,IMG_8491 resized_448.jpg
181.50023417570154,27.060220996371363,0.0,0.9974988042091837,0.3821548150510204,1,IMG_8493 resized_448.jpg
132.7139219945791,22.81441572487624,6.975446428571428e-05,0.9460797991071429,0.35289779974489793,1,IMG_8504 resized_448.jpg
175.55269451530611,25.00983769915974,0.0,0.9977130500637755,0.36806441326530615,1,IMG_8505 resized_448.jpg
170.46008051658163,26.06700864613252,9.964923469387754e-06,0.9968411192602041,0.3689463089923469,1,IMG_8506 resized_448.jpg
174.70748963647958,28.45801423722786,2.491230867346939e-05,0.9927405532525511,0.3695442044005102,1,IMG_8507 resized_448.jpg
169.00613341039542,30.808704076281952,0.00016442123724489795,0.9874641262755102,0.37331592793367346,1,IMG_8508 resized_448.jpg
168.8740084901148,29.752457052102514,0.0004982461734693878,0.9869409677933674,0.38406309789540816,1,IMG_8509 resized_448.jpg
170.6112683354592,30.233070141014945,0.0006078603316326531,0.9860142299107143,0.38367446588010207,1,IMG_8510 resized_448.jpg
167.27087651466837,33.2238264192642,0.0006028778698979591,0.9778180803571429,0.37697803730867346,1,IMG_8511 resized_448.jpg
171.51482780612244,33.94116336124525,0.0011210538903061226,0.9812360491071429,0.37930484693877553,1,IMG_8512 resized_448.jpg
167.58925083705358,33.95159809907812,0.001220703125,0.9730448820153061,0.381591796875,1,IMG_8513 resized_448.jpg
162.06282386001274,39.167757730626796,0.005729830994897959,0.9346749441964286,0.3770378268494898,1,IMG_8514 resized_448.jpg
156.51761798469389,42.16519710582042,0.0126953125,0.9029864875637755,0.37733179209183676,1,IMG_8515 resized_448.jpg
171.95577566964286,38.532868629367506,0.00439453125,0.954460299744898,0.3800571986607143,1,IMG_8516 resized_448.jpg
123.87494519292092,32.50486085189264,0.0024164939413265306,0.7812749123086735,0.3453792649872449,1,IMG_8517 resized_448.jpg
181.62336077008928,32.78644872898189,4.982461734693877e-06,0.9968510841836735,0.35567801339285715,1,IMG_8518 resized_448.jpg
165.38695790816325,33.51681681532275,1.992984693877551e-05,0.9868064413265306,0.3622548628826531,1,IMG_8519 resized_448.jpg
174.0585788026148,31.405391738785077,9.964923469387754e-06,0.9952666613520408,0.35377969547193877,1,IMG_8520 resized_448.jpg
158.99586953922193,35.907106406069985,0.00020926339285714285,0.9707380022321429,0.3622947225765306,1,IMG_8521 resized_448.jpg
162.80904217155611,35.4608933179926,0.003527582908163265,0.9678830516581632,0.36099430006377553,1,IMG_8522 resized_448.jpg
160.8449557557398,35.96502088787601,0.0034827407525510204,0.9672602439413265,0.36288265306122447,1,IMG_8523 resized_448.jpg
165.99033900669642,37.06566217507454,0.002725406568877551,0.9689991230867347,0.36463647959183676,1,IMG_8524 resized_448.jpg
171.8473672672194,36.607366904316564,0.0017189492984693877,0.9768664301658163,0.36756118463010207,1,IMG_8525 resized_448.jpg
172.99504743303572,35.37115995635858,0.0009018255739795918,0.9827158402423469,0.3634506536989796,1,IMG_8526 resized_448.jpg
165.66848194355867,34.819816296171176,0.0007473692602040816,0.9718640385841837,0.36996771364795916,1,IMG_8527 resized_448.jpg
162.27438416772958,36.63715339879925,0.0017338966836734694,0.9617297114158163,0.3681790098852041,1,IMG_8528 resized_448.jpg
172.3064811862245,27.0126611324032,0.000817123724489796,0.9851472815688775,0.3501474808673469,1,IMG_8529 resized_448.jpg
154.9231505102041,34.08351213348798,0.003547512755102041,0.9617396763392857,0.3594497369260204,1,IMG_8530 resized_448.jpg
171.5459582270408,34.67132066605604,0.0029097576530612247,0.9680026307397959,0.3699328364158163,1,IMG_8531 resized_448.jpg
163.76504703443877,35.193132336943336,0.0019630899234693877,0.9543207908163265,0.3722347337372449,1,IMG_8532 resized_448.jpg
170.93912926498726,33.55747265117216,0.0013303172831632653,0.9679179288903061,0.364193040497449,1,IMG_8533 resized_448.jpg
157.23733956473214,18.546539507940476,4.982461734693877e-06,0.9985451211734694,0.36290258290816324,0,IMG_20180705_130729936 resized_448.jpg
157.72836615114795,18.85795942456826,4.982461734693877e-06,0.9994419642857143,0.34714305644132654,0,IMG_20180705_130731751 resized_448.jpg
159.7792819276148,18.04966964321702,4.982461734693877e-06,0.9994718590561225,0.36044622927295916,0,IMG_20180705_130732496 resized_448.jpg
160.02154914700256,17.297107862572137,4.982461734693877e-06,0.9997508769132653,0.3498036910076531,0,IMG_20180705_130732993 resized_448.jpg
166.10759127869898,21.2723271288414,0.0,0.9999003507653061,0.3377311862244898,0,IMG_20180705_130733329 resized_448.jpg
167.26761798469389,21.250791048124032,0.0,0.999870455994898,0.35452208227040816,0,IMG_20180705_130733660 resized_448.jpg
159.46969666772958,18.07090053829121,0.0,0.9998604910714286,0.3375617825255102,0,IMG_20180705_130733991 resized_448.jpg
159.19893474968111,18.604174927102765,0.0,0.9985550860969388,0.3156190210459184,0,IMG_20180705_130734324 resized_448.jpg
153.72513253348214,17.400086240253547,0.0,0.9989337531887755,0.35421316964285715,0,IMG_20180705_130734659 resized_448.jpg
152.84964425223214,17.96295737856098,0.0,0.998779296875,0.36048608896683676,0,IMG_20180705_130734991 resized_448.jpg
153.2267518335459,17.895244302179353,0.0,0.9986846301020408,0.36170180963010207,0,IMG_20180705_130735324 resized_448.jpg
153.92998146524235,17.144549045382398,0.0,0.9990832270408163,0.35616629464285715,0,IMG_20180705_130735657 resized_448.jpg
155.3214734135842,18.694710042768726,0.0,0.9989387356505102,0.357730787627551,0,IMG_20180705_130735989 resized_448.jpg
155.21006556919642,18.409365752702577,0.0,0.9989287707270408,0.3601672114158163,0,IMG_20180705_130736323 resized_448.jpg
152.65479512117346,18.644993595027024,4.982461734693877e-06,0.9976084183673469,0.36789002710459184,0,IMG_20180705_130736655 resized_448.jpg
150.05517578125,17.939648542621473,9.964923469387754e-06,0.9968112244897959,0.36496033960459184,0,IMG_20180705_130736987 resized_448.jpg
147.802734375,18.789697275619368,0.0,0.994270169005102,0.36753627232142855,0,IMG_20180705_130737319 resized_448.jpg
148.41911471619898,18.70465857408684,4.982461734693877e-06,0.995361328125,0.3674814652423469,0,IMG_20180705_130737652 resized_448.jpg
150.96627869897958,18.769098449098976,0.0,0.9970503826530612,0.36250896843112246,0,IMG_20180705_130737985 resized_448.jpg
150.09727758290816,18.739334066745897,4.982461734693877e-06,0.9969009088010204,0.3671924824617347,0,IMG_20180705_130738321 resized_448.jpg
151.6984713807398,18.237871263864726,0.0,0.9981814014668368,0.3604761240433674,0,IMG_20180705_130738655 resized_448.jpg
153.88418765943877,17.62785016989041,0.0,0.9991131218112245,0.3518913424744898,0,IMG_20180705_130738987 resized_448.jpg
155.43303571428572,17.801572574602126,0.0,0.9993423150510204,0.34281329719387754,0,IMG_20180705_130739321 resized_448.jpg
156.58370535714286,17.690316116712882,4.982461734693877e-06,0.9995665258290817,0.3462611607142857,0,IMG_20180705_130739654 resized_448.jpg
155.69269670758928,17.248633083983034,4.982461734693877e-06,0.999641262755102,0.3430125956632653,0,IMG_20180705_130739987 resized_448.jpg
156.31651088169642,17.696324487922826,0.0,0.9994768415178571,0.3498485331632653,0,IMG_20180705_130740323 resized_448.jpg
157.06797572544642,18.696793077547145,4.982461734693877e-06,0.9992825255102041,0.3541932397959184,0,IMG_20180705_130740656 resized_448.jpg
158.62070013552295,19.411695320464148,0.0,0.9993074378188775,0.358821946747449,0,IMG_20180705_130740989 resized_448.jpg
167.10231983418367,25.308647268353877,0.0,0.9998256138392857,0.3465949856505102,0,IMG_20180705_130741322 resized_448.jpg
158.75273537149235,17.91619894234874,0.0,0.9995266661352041,0.36031668526785715,0,IMG_20180705_130741655 resized_448.jpg
162.84204599808675,19.77096523081965,0.0,0.9998505261479592,0.33689413265306123,0,IMG_20180705_130741989 resized_448.jpg
160.1487812898597,17.475499066164748,0.0,0.9998305963010204,0.34559351084183676,0,IMG_20180705_130742323 resized_448.jpg
166.3328483737245,24.63618047302371,0.0,0.9997359295280612,0.34311722735969385,0,IMG_20180705_130742655 resized_448.jpg
166.0569844148597,25.054546209030207,0.0,0.9997658242984694,0.34250438456632654,0,IMG_20180705_130742988 resized_448.jpg
161.04697963169642,21.836406601950287,0.0,0.9995266661352041,0.35195113201530615,0,IMG_20180705_130743321 resized_448.jpg
159.1318359375,20.08186837536936,0.0,0.9994569116709183,0.3556431361607143,0,IMG_20180705_130743653 resized_448.jpg
157.3226692044005,19.169149614238624,0.0,0.9991081393494898,0.36294244260204084,0,IMG_20180705_130743987 resized_448.jpg
157.08988360969389,19.2976712091585,0.0,0.9990782445790817,0.35950454400510207,0,IMG_20180705_130744320 resized_448.jpg
157.86258868781889,20.92024057957063,0.0,0.9988789461096939,0.3681491151147959,0,IMG_20180705_130744653 resized_448.jpg
162.8888612085459,28.030868636395677,4.982461734693877e-06,0.998893893494898,0.36096938775510207,0,IMG_20180705_130744988 resized_448.jpg
155.83606206154337,18.97723473028317,0.0,0.9987942442602041,0.36655970982142855,0,IMG_20180705_130745320 resized_448.jpg
157.3056192203444,18.777875036152047,0.0,0.9991878587372449,0.36594188456632654,0,IMG_20180705_130745654 resized_448.jpg
156.68580098054846,19.539783250140314,0.0,0.9989586654974489,0.3686423788265306,0,IMG_20180705_130745987 resized_448.jpg
166.3494100765306,28.394802179046685,0.0,0.9992327008928571,0.3579051737882653,0,IMG_20180705_130746319 resized_448.jpg
157.6371920838648,18.902169563039728,0.0,0.9990981744260204,0.36715262276785715,0,IMG_20180705_130746652 resized_448.jpg
158.34717793367346,20.504085775523457,0.0,0.9985052614795918,0.37015206473214285,0,IMG_20180705_130746985 resized_448.jpg
158.0758729272959,17.58566811044551,0.0,0.9995216836734694,0.36623086734693877,0,IMG_20180705_130747318 resized_448.jpg
159.0994499362245,19.804470225490842,0.0,0.9992028061224489,0.36998266103316324,0,IMG_20180705_130747652 resized_448.jpg
160.29924665178572,19.93201475725,0.0,0.9993522799744898,0.36721241230867346,0,IMG_20180705_130747985 resized_448.jpg
159.86318658322705,18.72111378218614,0.0,0.9994519292091837,0.36576749840561223,0,IMG_20180705_130748317 resized_448.jpg
159.07727299904337,19.34001359107111,0.0,0.9992028061224489,0.36878188775510207,0,IMG_20180705_130748649 resized_448.jpg
152.95525749362244,36.5775761350345,0.005241549744897959,0.9116260762117347,0.37804428411989793,0,IMG_8658 resized_448.jpg
161.86146265146684,35.746217238195186,0.0025858976403061226,0.9428162866709183,0.3806052694515306,0,IMG_8659 resized_448.jpg
150.6173768335459,38.139946078475226,0.007827447385204082,0.9006297831632653,0.37415796396683676,0,IMG_8660 resized_448.jpg
163.06461754623726,35.67617448795987,0.0020228794642857145,0.9470962213010204,0.37661930006377553,0,IMG_8661 resized_448.jpg
158.64982760682398,36.495284548477365,0.003941127232142857,0.9331204161352041,0.3807746731505102,0,IMG_8662 resized_448.jpg
161.57211615114795,32.948991367279746,0.0010662468112244898,0.9604093590561225,0.37999242665816324,0,IMG_8663 resized_448.jpg
155.22653260522958,32.43747208042827,0.001953125,0.9520786830357143,0.37770547672193877,0,IMG_8664 resized_448.jpg
157.15548768335458,31.536565286269422,0.0017787388392857143,0.9606385522959183,0.379085618622449,0,IMG_8665 resized_448.jpg
165.79350685586735,29.607051822642187,0.0009117904974489796,0.9755261479591837,0.3769581074617347,0,IMG_8666 resized_448.jpg
164.77755301339286,33.369833711547976,0.0023018973214285715,0.9610770089285714,0.36625577965561223,0,IMG_8667 resized_448.jpg
165.2782356106505,29.169402995496018,0.0006128427933673469,0.9767020089285714,0.37674386160714285,0,IMG_8668 resized_448.jpg
165.4486308195153,28.835453359618697,0.0008470184948979591,0.9740264269770408,0.37626554528061223,0,IMG_8669 resized_448.jpg
164.79534040178572,31.765252352013892,0.0017737563775510204,0.9603396045918368,0.37659438775510207,0,IMG_8670 resized_448.jpg
162.83001335299744,37.20500222975128,0.004489198022959184,0.9336535395408163,0.3777453364158163,0,IMG_8671 resized_448.jpg
155.83391960299744,31.76610229651471,0.0026357222576530613,0.9508380500637755,0.3707898198341837,0,IMG_8672 resized_448.jpg
168.19565130739795,30.064763809841434,0.0005430883290816327,0.9799306441326531,0.3669333944515306,0,IMG_8673 resized_448.jpg
168.04612264827807,31.92575616116988,0.0003089126275510204,0.9780074139030612,0.3762057557397959,0,IMG_8674 resized_448.jpg
171.56821986607142,32.29125974722306,0.0004384566326530612,0.9783412388392857,0.37537368463010207,0,IMG_8675 resized_448.jpg
151.8937390385842,40.23665796057218,0.00677116549744898,0.8888064014668368,0.3870874521683674,0,IMG_8676 resized_448.jpg
155.53882334183675,32.21451024929733,0.0019232302295918368,0.9524623325892857,0.38278260522959184,0,IMG_8677 resized_448.jpg
154.0908751195791,34.91051615597707,0.003871372767857143,0.9304747289540817,0.38217474489795916,0,IMG_8678 resized_448.jpg
151.83304767219389,34.8313859218917,0.00539600605867347,0.9215361926020408,0.38071488360969385,0,IMG_8679 resized_448.jpg
160.65901028380102,31.767833408748906,0.0011260363520408164,0.9667271205357143,0.3763054049744898,0,IMG_8680 resized_448.jpg
172.5658332669005,26.489412329578556,0.00014947385204081633,0.9922572544642857,0.3778051259566326,0,IMG_8681 resized_448.jpg
166.10886180644133,26.51427668664253,5.978954081632653e-05,0.991081393494898,0.377132493622449,0,IMG_8682 resized_448.jpg
164.16744559151786,25.56520716370302,1.992984693877551e-05,0.9938915019132653,0.3768983179209184,0,IMG_8683 resized_448.jpg
146.6941366390306,36.034731187865304,0.008524992028061224,0.8976303411989796,0.38155193718112246,0,IMG_8684 resized_448.jpg
150.51325833067602,32.53846351532243,0.0012406329719387755,0.9396574059311225,0.38071986607142855,0,IMG_8685 resized_448.jpg
145.9907077088648,38.293424349397206,0.0030691964285714285,0.865348971619898,0.39296177455357145,0,IMG_8686 resized_448.jpg
154.02253567442602,39.73190240391379,0.001828563456632653,0.8948551100127551,0.3940330038265306,0,IMG_8687 resized_448.jpg
149.52199756855867,41.73252185651256,0.0036870216836734694,0.8605558434311225,0.3898377710459184,0,IMG_8688 resized_448.jpg
131.32066625478316,44.69630122632159,0.02454360650510204,0.731804049744898,0.38552295918367346,0,IMG_8689 resized_448.jpg
149.4919583067602,41.50048869982322,0.0039809869260204085,0.8627082669005102,0.3921595982142857,0,IMG_8690 resized_448.jpg
145.07954998405611,41.505973596018116,0.007000358737244898,0.8431969467474489,0.3940579161352041,0,IMG_8691 resized_448.jpg
144.00359733737244,42.12680342937438,0.008470184948979591,0.8347616390306123,0.3936244419642857,0,IMG_8692 resized_448.jpg
139.52034339126274,44.566183986869845,0.01297931281887755,0.7845334422831632,0.3891651387117347,0,IMG_8693 resized_448.jpg
135.7007832429847,45.55443247308877,0.02102100605867347,0.7544642857142857,0.3913424744897959,0,IMG_8694 resized_448.jpg
138.8564004703444,45.14868867637032,0.02182816485969388,0.7848772321428571,0.3916115274234694,0,IMG_8695 resized_448.jpg
141.29586854272958,45.14900685667483,0.016158123405612245,0.7965611049107143,0.39376893335459184,0,IMG_8696 resized_448.jpg
146.98147022480867,45.329767562682036,0.012152224170918368,0.8250558035714286,0.39340023118622447,0,IMG_8697 resized_448.jpg
133.8205117984694,46.67770373885641,0.030766701211734693,0.7409070073341837,0.38642976721938777,0,IMG_8698 resized_448.jpg
133.4283372528699,46.896052844293635,0.033771125637755105,0.7378527582908163,0.385921556122449,0,IMG_8699 resized_448.jpg
134.10099948182398,46.42053940007888,0.033013791454081634,0.7466517857142857,0.38871671715561223,0,IMG_8700 resized_448.jpg
140.432373046875,45.92200872978973,0.01739875637755102,0.7866609534438775,0.38546316964285715,0,IMG_8701 resized_448.jpg
132.61694834183675,46.03735096955392,0.02928691007653061,0.7388691804846939,0.386962890625,0,IMG_8702 resized_448.jpg
128.54161352040816,45.30892196705669,0.0374382174744898,0.7155363121811225,0.3883430325255102,0,IMG_8703 resized_448.jpg
139.78051259566325,48.833129546639526,0.028280452806122448,0.7642299107142857,0.3928073182397959,0,IMG_8704 resized_448.jpg
148.04112523915816,49.87475807166438,0.01870914381377551,0.8046027981505102,0.392333984375,0,IMG_8705 resized_448.jpg
146.33371532206633,42.14542381706818,0.005107023278061225,0.8474270567602041,0.39002710459183676,0,IMG_8706 resized_448.jpg
146.84482122927295,42.748220726306215,0.006955516581632653,0.8430823501275511,0.3903858418367347,0,IMG_8707 resized_448.jpg
145.02515644929846,43.11265501365982,0.008370535714285714,0.8311892139668368,0.3915318080357143,0,IMG_8708 resized_448.jpg
148.90838249362244,43.00104209457918,0.0071896922831632655,0.8523895886479592,0.3887216996173469,0,IMG_8709 resized_448.jpg
146.70790318080358,44.561190191432026,0.01044822225765306,0.8316127232142857,0.39003208705357145,0,IMG_8710 resized_448.jpg
146.890380859375,44.48491644279428,0.011205556441326531,0.8330974968112245,0.39162647480867346,0,IMG_8711 resized_448.jpg
148.0123963647959,44.04377503449635,0.010004783163265306,0.8419862085459183,0.38790955835459184,0,IMG_8712 resized_448.jpg
150.12875677614795,43.88632735933317,0.0077377630739795915,0.8538145727040817,0.38845264668367346,0,IMG_8713 resized_448.jpg
146.7066575653699,43.988920580637746,0.010572783801020409,0.835090481505102,0.3893445073341837,0,IMG_8714 resized_448.jpg
146.8573222257653,44.09123214460153,0.010149274553571428,0.8350057796556123,0.3894092793367347,0,IMG_8715 resized_448.jpg
148.07355110012756,43.50143997854521,0.00787727200255102,0.8459721779336735,0.3873266103316326,0,IMG_8716 resized_448.jpg
150.2556750239158,42.3853415077159,0.005246532206632653,0.8639538823341837,0.38700275031887754,0,IMG_8717 resized_448.jpg
148.48340840242346,43.29727568084891,0.00787727200255102,0.8490762515943877,0.3872767857142857,0,IMG_8718 resized_448.jpg
147.5417330994898,44.20776530082031,0.01083187181122449,0.8384436782525511,0.38942920918367346,0,IMG_8719 resized_448.jpg
149.88743124202807,42.973423083901594,0.0067263233418367345,0.8566695232780612,0.38698282047193877,0,IMG_8720 resized_448.jpg
130.81708884725765,45.90348508929133,0.029730349170918366,0.7223024952168368,0.3880590322066326,0,IMG_8721 resized_448.jpg
155.65778958067602,40.284366354719936,0.002650669642857143,0.8996532206632653,0.3848901865433674,0,IMG_8722 resized_448.jpg
151.66423688616072,40.26531250989441,0.003298389668367347,0.8833207110969388,0.38796436543367346,0,IMG_8723 resized_448.jpg
150.43386280293367,40.052452735125726,0.0038514429209183672,0.8803411989795918,0.3890007174744898,0,IMG_8724 resized_448.jpg
149.8592454559949,39.983420267726764,0.00417530293367347,0.8785026705994898,0.3862155213647959,0,IMG_8725 resized_448.jpg
150.91475506218111,39.9310911538665,0.0034877232142857145,0.8849599410076531,0.38839783960459184,0,IMG_8726 resized_448.jpg
149.44503348214286,40.29787456235302,0.005112005739795918,0.8761011240433674,0.38913026147959184,0,IMG_8727 resized_448.jpg
150.3949746890944,40.26208781397289,0.004404496173469388,0.8804458306760204,0.3867984693877551,0,IMG_8728 resized_448.jpg
151.71843112244898,39.72050152864664,0.003208705357142857,0.8907246492346939,0.3854282924107143,0,IMG_8729 resized_448.jpg
151.92728097098214,39.760067037322735,0.0031987404336734694,0.8905701929209183,0.3850795200892857,0,IMG_8730 resized_448.jpg
151.8372179926658,39.47529836023252,0.003288424744897959,0.892463528380102,0.38601622289540816,0,IMG_8731 resized_448.jpg
162.47941745057398,31.122254920598465,0.0,0.9714654416454082,0.36509984853316324,0,IMG_8747 resized_448.jpg
147.9926309390944,32.65494136295338,0.0019182477678571428,0.9528659119897959,0.36428770727040816,0,IMG_8748 resized_448.jpg
156.0186543367347,28.173142448575216,4.982461734693877e-06,0.9901596380739796,0.3604213169642857,0,IMG_8749 resized_448.jpg
159.40712193080358,26.41099034592711,0.0,0.9969756457270408,0.3400131536989796,0,IMG_8750 resized_448.jpg
157.24338827327807,26.071073272851024,0.0,0.9948282047193877,0.3449158960459184,0,IMG_8751 resized_448.jpg
156.05372090242346,29.29485858547467,0.0001096141581632653,0.9866021603954082,0.36465640943877553,0,IMG_8752 resized_448.jpg
158.14738121811226,29.278757107216567,0.00011957908163265306,0.9872100207270408,0.3413683832908163,0,IMG_8753 resized_448.jpg
162.0730528539541,27.321604087599976,5.978954081632653e-05,0.9945591517857143,0.3515724649234694,0,IMG_8754 resized_448.jpg
149.62590182557398,29.850836136068434,0.00027901785714285713,0.9746143574617347,0.34825912786989793,0,IMG_8755 resized_448.jpg
150.9285265864158,29.355800495462617,3.487723214285714e-05,0.9822773836096939,0.3314881616709184,0,IMG_8756 resized_448.jpg
150.32788584183675,31.30864765287322,0.00025908801020408165,0.9730697943239796,0.35054607780612246,0,IMG_8757 resized_448.jpg
155.26379145408163,29.0471999501239,5.480707908163265e-05,0.9868114237882653,0.35934510522959184,0,IMG_8758 resized_448.jpg
169.04192243303572,24.29108388977776,0.0,0.9995914381377551,0.36341577646683676,0,IMG_8759 resized_448.jpg
169.4237832828444,22.676243609536982,0.0,0.999755859375,0.3492805325255102,0,IMG_8760 resized_448.jpg
168.8954480229592,24.904119798991907,0.0,0.9996163504464286,0.36203563456632654,0,IMG_8761 resized_448.jpg
166.06784618144133,23.313470198801294,0.0,0.9997907366071429,0.3462511957908163,0,IMG_8762 resized_448.jpg
173.46113181600765,23.877226069443,0.0,0.9998804209183674,0.3510592713647959,0,IMG_8763 resized_448.jpg
174.59849828603316,20.482997260038395,0.0,0.9999601403061225,0.3330227598852041,0,IMG_8764 resized_448.jpg
170.49478336256377,19.877512573493643,0.0,0.9999900350765306,0.3214136240433674,0,IMG_8765 resized_448.jpg
172.8773417570153,21.00371094170682,0.0,0.9999850526147959,0.32345643335459184,0,IMG_8766 resized_448.jpg
169.9193040497449,22.749321175824264,0.0,0.9999551578443877,0.3404565927933674,0,IMG_8767 resized_448.jpg
133.52231146364795,36.49664522186256,0.0029944595025510204,0.8434759646045918,0.36942462531887754,0,IMG_8768 resized_448.jpg
131.65943379304846,33.760267201728254,0.0005929129464285714,0.8576012436224489,0.36032665019132654,0,IMG_8769 resized_448.jpg
142.94184470663265,31.768498392148715,0.00046336894132653064,0.9438825334821429,0.35810945471938777,0,IMG_8770 resized_448.jpg
151.46443518813774,28.818398297074484,0.0,0.9866669323979592,0.34388950892857145,0,IMG_8771 resized_448.jpg
158.35737205038265,32.135659159043676,3.487723214285714e-05,0.9822225765306123,0.36292251275510207,0,IMG_8772 resized_448.jpg
168.7526008450255,29.97163519108322,0.0,0.9957599250637755,0.35776566485969385,0,IMG_8773 resized_448.jpg
168.04204201211735,26.200849808726563,0.0,0.9990981744260204,0.36844308035714285,0,IMG_8774 resized_448.jpg
170.84188655931123,24.029286317016982,0.0,0.9995266661352041,0.3597038424744898,0,IMG_8775 resized_448.jpg
169.50958625637756,25.58146691411677,0.0,0.9970852598852041,0.35354053730867346,0,IMG_8776 resized_448.jpg
166.9728555484694,24.790676418803862,0.0001096141581632653,0.9914301658163265,0.358577806122449,0,IMG_8777 resized_448.jpg
165.15879603794642,22.807803718301766,0.0,0.9973493303571429,0.34972397161989793,0,IMG_8778 resized_448.jpg
129.5333177216199,22.47184556050053,0.00020926339285714285,0.9288554288903061,0.3532116948341837,0,IMG_8779 resized_448.jpg
171.80966497927295,23.857678959274857,0.0,0.9982411910076531,0.35532924107142855,0,IMG_8781 resized_448.jpg
151.58616171077807,38.36333011203842,6.975446428571428e-05,0.9309879225127551,0.3805654097576531,0,IMG_8784 resized_448.jpg
156.6387316645408,31.091532612737623,1.992984693877551e-05,0.9782963966836735,0.35025211256377553,0,IMG_8785 resized_448.jpg
155.83780094068877,29.445915351071697,0.00039361447704081633,0.9741161112882653,0.3412488042091837,0,IMG_8786 resized_448.jpg
159.50993502869898,23.46487009330032,4.982461734693877e-06,0.9946438536352041,0.3622299505739796,0,IMG_8787 resized_448.jpg
160.81187220982142,22.35592810150337,0.0,0.9977279974489796,0.35143295599489793,0,IMG_8788 resized_448.jpg
167.40443140146684,23.8006507611815,1.4947385204081632e-05,0.9969208386479592,0.3601921237244898,0,IMG_8789 resized_448.jpg
172.86552834024235,22.388338304703915,0.0,0.9986298230229592,0.359195631377551,0,IMG_8790 resized_448.jpg
172.17047492825256,21.49242789712959,0.0,0.9992825255102041,0.34517000159438777,0,IMG_8791 resized_448.jpg
167.79031309789542,21.515582080790097,0.0,0.9991479990433674,0.33238500478316324,0,IMG_8792 resized_448.jpg
169.97478874362244,23.882743673779398,4.982461734693877e-06,0.9992327008928571,0.35142797353316324,0,IMG_8793 resized_448.jpg
177.29342215401786,18.482180204511703,0.0,0.9996362802933674,0.34152782206632654,0,IMG_8794 resized_448.jpg
180.81593789859693,18.2452711509875,0.0,0.999870455994898,0.344303053252551,0,IMG_8795 resized_448.jpg
169.9021544164541,19.677638963795548,0.0,0.9997209821428571,0.35517976721938777,0,IMG_8796 resized_448.jpg
169.01444415656889,22.716094994764727,0.0,0.9983059630102041,0.3687121332908163,0,IMG_8798 resized_448.jpg
162.810546875,24.08289416135231,9.964923469387754e-06,0.9941804846938775,0.36899115114795916,0,IMG_8799 resized_448.jpg
161.70351861447705,23.769524365456725,4.982461734693877e-06,0.9944345902423469,0.369808274872449,0,IMG_8800 resized_448.jpg
166.0804219148597,19.50376572717225,0.0,0.9996562101403061,0.3238002232142857,0,IMG_8801 resized_448.jpg
167.43720603475765,22.34959234482346,0.0,0.9978625239158163,0.36771065848214285,0,IMG_8802 resized_448.jpg
164.55684988839286,23.590090579710363,2.491230867346939e-05,0.9936872209821429,0.37112862723214285,0,IMG_8803 resized_448.jpg
165.41616509885205,20.74495682298564,0.0,0.9991081393494898,0.35720762914540816,0,IMG_8804 resized_448.jpg
172.92919423628825,20.764235686248306,0.0,0.9994369818239796,0.36313675860969385,0,IMG_8805 resized_448.jpg
171.9464036591199,21.47817575962312,0.0,0.9988390864158163,0.3655283402423469,0,IMG_8806 resized_448.jpg
170.90796894929846,21.065083636132332,4.982461734693877e-06,0.9994668765943877,0.3549057318239796,0,IMG_8807 resized_448.jpg
170.0760871731505,23.647358203146847,4.982461734693877e-06,0.9961933992346939,0.3678501674107143,0,IMG_8808 resized_448.jpg
166.36019710618623,23.27937189283381,0.0,0.9953563456632653,0.371337890625,0,IMG_8809 resized_448.jpg
163.8752889827806,23.678422711506485,4.982461734693877e-06,0.9941655373086735,0.37185606664540816,0,IMG_8810 resized_448.jpg
165.5817323022959,22.695807003257304,0.0,0.9967863121811225,0.36836336096938777,0,IMG_8811 resized_448.jpg
173.89439672353316,21.7564339536625,0.0,0.9994618941326531,0.36496033960459184,0,IMG_8812 resized_448.jpg
172.41713169642858,23.22624431576959,4.982461734693877e-06,0.9972247688137755,0.3710389429209184,0,IMG_8813 resized_448.jpg
173.59055125956633,21.11605730913157,0.0,0.9994967713647959,0.3588917012117347,0,IMG_8814 resized_448.jpg
160.70417629942602,23.584213957142026,1.4947385204081632e-05,0.9918088329081632,0.373291015625,0,IMG_8815 resized_448.jpg
160.57644591039542,23.40792256692292,9.964923469387754e-06,0.9921376753826531,0.37161690848214285,0,IMG_8816 resized_448.jpg
161.07230548469389,23.681709088206436,1.4947385204081632e-05,0.9913803411989796,0.3725436463647959,0,IMG_8817 resized_448.jpg
174.13759068080358,19.65116725511613,0.0,0.9994967713647959,0.3561463647959184,0,IMG_8818 resized_448.jpg
177.06367087850765,19.621470620837673,0.0,0.9998305963010204,0.34878726881377553,0,IMG_8819 resized_448.jpg
170.0489576690051,22.034751375175038,0.0,0.9977479272959183,0.36904097576530615,0,IMG_8820 resized_448.jpg
170.11802455357142,21.859628372203076,0.0,0.9977628746811225,0.3663803411989796,0,IMG_8821 resized_448.jpg
170.82678471779337,20.611570541231213,0.0,0.9992875079719388,0.3595643335459184,0,IMG_8822 resized_448.jpg
170.72641302614795,21.639772456506947,4.982461734693877e-06,0.9981564891581632,0.3636449697066326,0,IMG_8823 resized_448.jpg
167.01984514508928,21.82976782599827,0.0,0.9978675063775511,0.3667141661352041,0,IMG_8824 resized_448.jpg
165.06313775510205,22.22519657135478,4.982461734693877e-06,0.9964873644770408,0.3651546556122449,0,IMG_8825 resized_448.jpg
