title,category,price,rating,availability,description,UPC,reviews,url,stock_count,price_band,description_word_count,affordability_score,recommended
In the Country We Love: My Family Divided,Nonfiction,22.0,4,In stock (16 available),"The star of Orange is the New Black and Jane the Virgin presents her personal story of the real plight of undocumented immigrants in this countryDiane Guerrero, the television actress from the megahit Orange is the New Black and Jane the Virgin, was just fourteen years old on the day her parents and brother were arrested and deported while she was at school. Born in the U. The star of Orange is the New Black and Jane the Virgin presents her personal story of the real plight of undocumented immigrants in this countryDiane Guerrero, the television actress from the megahit Orange is the New Black and Jane the Virgin, was just fourteen years old on the day her parents and brother were arrested and deported while she was at school. Born in the U.S., Guerrero was able to remain in the country and continue her education, depending on the kindness of family friends who took her in and helped her build a life and a successful acting career for herself, without the support system of her family.In the Country We Love is a moving, heartbreaking story of one woman's extraordinary resilience in the face of the nightmarish struggles of undocumented residents in this country. There are over 11 million undocumented immigrants living in the US, many of whom have citizen children, whose lives here are just as precarious, and whose stories haven't been told. Written with Michelle Burford, this memoir is a tale of personal triumph that also casts a much-needed light on the fears that haunt the daily existence of families like the author's and on a system that fails them over and over. ...more",b136b1b180ca753a,0,https://books.toscrape.com/catalogue/in-the-country-we-love-my-family-divided_901/index.html,16,Medium,276,78.0,True
Join,Science Fiction,35.67,5,In stock (16 available),"What if you could live multiple lives simultaneously, have constant, perfect companionship, and never die? That’s the promise of Join, a revolutionary technology that allows small groups of minds to unite, forming a single consciousness that experiences the world through multiple bodies. But as two best friends, Chance and Lucky, living in an alternate version of our own n What if you could live multiple lives simultaneously, have constant, perfect companionship, and never die? That’s the promise of Join, a revolutionary technology that allows small groups of minds to unite, forming a single consciousness that experiences the world through multiple bodies. But as two best friends, Chance and Lucky, living in an alternate version of our own near future quickly discover, the light of that miracle may be blinding them to its horrors.Jolted out of comfortable, professional routines by a brutal encounter with a terrifying stranger and a malfunction in the join technology, Chance and Lucky follow a faint trail of clues off the grid in their desperate search for a cure. Their journey leads them into the scarred heart of the North American continent. There, within the improvised shelter of the “solos” left behind by the rush of technology, they encounter the architects of a new kind of human consciousness. With the planet descending into environmental ruin, their trust of each other becomes their only guide through the moral hazards of a society in which individual identity has come undone. Along the way, they must confront their own long-buried secrets, and learn how their story of injured conscience connects them to the arc of human evolution.A deftly crafted, kaleidoscopic novel with the pulse of a thriller, Join explores big ideas in the current zeitgeist on an intimate, human scale. ...more",18ad3ed896c7ce05,0,https://books.toscrape.com/catalogue/join_902/index.html,16,Medium,291,64.33,True
Judo: Seven Steps to Black Belt (an Introductory Guide for Beginners),Add a comment,53.9,2,In stock (16 available),"Displaying the most impressive throws, compelling armbars, dominant pins, and decisive chokes, judo is a particularly powerful sport and martial art that can bring opponents into submission in highly effective ways. With determination and perseverance, such tremendous power could be yours. Designed with safety considerations in mind, judo allows people of all ages to be in Displaying the most impressive throws, compelling armbars, dominant pins, and decisive chokes, judo is a particularly powerful sport and martial art that can bring opponents into submission in highly effective ways. With determination and perseverance, such tremendous power could be yours. Designed with safety considerations in mind, judo allows people of all ages to be involved in a long-term fitness activity with opportunities for continuous improvement. Judo is a way of life that promotes physical and mental harmony, encourages the development of self-confidence and leadership abilities, prepares practitioners to act in self-defense, and instills values such as discipline, respect, and diligence. Judo is also an Olympic sport that has been gaining increasing worldwide visibility. ...more",228f74b74f3a08ae,0,https://books.toscrape.com/catalogue/judo-seven-steps-to-black-belt-an-introductory-guide-for-beginners_903/index.html,16,Expensive,171,46.1,False
"Layered: Baking, Building, and Styling Spectacular Cakes",Food and Drink,40.11,1,In stock (16 available),"It’s time to venture beyond vanilla and chocolate and take your baking skills up a notch. We’re talking layers—two, three, four, or more! Create sky-high, bakery-quality treats at home with Tessa Huff’s 150 innovative recipes, which combine new and exciting flavors of cake, fillings, and frostings—everything from pink peppercorn cherry to bourbon butterscotch, and pumpkin It’s time to venture beyond vanilla and chocolate and take your baking skills up a notch. We’re talking layers—two, three, four, or more!   Create sky-high, bakery-quality treats at home with Tessa Huff’s 150 innovative recipes, which combine new and exciting flavors of cake, fillings, and frostings—everything from pink peppercorn cherry to bourbon butterscotch, and pumpkin vanilla chai to riesling rhubarb and raspberry chocolate stout. Including contemporary baking methods and industry tips and tricks, Layered covers every decorating technique you’ll ever need with simple instructions and gorgeous step-by-step photos that speak to bakers of every skill level—and to anyone who wants to transform dessert into layer upon layer of edible art. ...more",7b75cc7f223791f4,0,https://books.toscrape.com/catalogue/layered-baking-building-and-styling-spectacular-cakes_904/index.html,16,Expensive,166,59.89,False
Lumberjanes Vol. 3: A Terrible Plan (Lumberjanes #9-12),Sequential Art,19.92,2,In stock (16 available),"This New York Times Bestselling series continues with Jo, April, Mal, Molly, and Ripley as they take on everything that goes bump in the night. From scary stories to magical portals that lead to a land untouched by time, it's definitely not your average summer. (Lumberjanes #9-12)",57e5a4d515c8ce44,0,https://books.toscrape.com/catalogue/lumberjanes-vol-3-a-terrible-plan-lumberjanes-9-12_905/index.html,16,Cheap,47,80.08,False
"Lumberjanes, Vol. 1: Beware the Kitten Holy (Lumberjanes #1-4)",Sequential Art,45.61,3,In stock (16 available),"FRIENDSHIP TO THE MAX!At Miss Qiunzilla Thiskwin Penniquiqul Thistle Crumpet's camp for hard-core lady-types, things are not what they seem. Three-eyed foxes. Secret caves. Anagrams. Luckily, Jo, April, Mal, Molly, and Ripley are five rad, butt-kicking best pals determined to have an awesome summer together... And they're not gonna let a magical quest or an array of supern FRIENDSHIP TO THE MAX!At Miss Qiunzilla Thiskwin Penniquiqul Thistle Crumpet's camp for hard-core lady-types, things are not what they seem. Three-eyed foxes. Secret caves. Anagrams. Luckily, Jo, April, Mal, Molly, and Ripley are five rad, butt-kicking best pals determined to have an awesome summer together... And they're not gonna let a magical quest or an array of supernatural critters get in their way! The mystery keeps getting bigger, and it all begins here. Collects Lumberjanes No. 1-4. ...more",b6ee99bcf06fc91f,0,https://books.toscrape.com/catalogue/lumberjanes-vol-1-beware-the-kitten-holy-lumberjanes-1-4_906/index.html,16,Expensive,136,54.39,False
"Lumberjanes, Vol. 2: Friendship to the Max (Lumberjanes #5-8)",Sequential Art,46.91,2,In stock (16 available),"What a mystery!Jo, April, Mal, Molly, and Ripley are not your average campers and Miss Qiunzella Thiskwin Penniquiqul Thistle Crumpet's Camp for Hardcore Lady-Types is not your average summer camp. Between the river monsters, magic, and the art of friendship bracelets, this summer is only just beginning. Join the Lumberjanes as they take on raptors and a sibling rivalry th What a mystery!Jo, April, Mal, Molly, and Ripley are not your average campers and Miss Qiunzella Thiskwin Penniquiqul Thistle Crumpet's Camp for Hardcore Lady-Types is not your average summer camp. Between the river monsters, magic, and the art of friendship bracelets, this summer is only just beginning. Join the Lumberjanes as they take on raptors and a sibling rivalry that only myths are made of.This New York Times bestseller and Eisner Award-nominated series is written by awesome all-star Noelle Stevenson and brilliant newcomer Grace Ellis, and illustrated by the tremendously talented Brooke Allen.Lumberjanes, Vol. 2: Friendship to the Max includes issues 5-8 and the first fourteen pages of Giant Days, Vol. 1 by John Allison. ...more",460089f796fb3f82,0,https://books.toscrape.com/catalogue/lumberjanes-vol-2-friendship-to-the-max-lumberjanes-5-8_907/index.html,16,Expensive,176,53.09,False
"Mama Tried: Traditional Italian Cooking for the Screwed, Crude, Vegan, and Tattooed",Food and Drink,14.02,4,In stock (16 available),"Cecilia Granata grew up cooking with her family in Italy. As a vegan, she learned to adapt her favorite recipes from around the country to be animal free while retaining the flavor and feeling of true Italian home cooking. She shares her commitment to ethical and artful eating in this alphabetically-arranged volume with over 100 recipes, ranging from traditional favorites Cecilia Granata grew up cooking with her family in Italy. As a vegan, she learned to adapt her favorite recipes from around the country to be animal free while retaining the flavor and feeling of true Italian home cooking. She shares her commitment to ethical and artful eating in this alphabetically-arranged volume with over 100 recipes, ranging from traditional favorites to homemade liqueurs to aphrodisiacs—all ""senza sofferenza,"" without suffering. The recipes are lushly illustrated with Granata's food-inspired tattoo art. ...more",72f9d5be3472d34e,0,https://books.toscrape.com/catalogue/mama-tried-traditional-italian-cooking-for-the-screwed-crude-vegan-and-tattooed_908/index.html,16,Cheap,140,85.98,True
Masks and Shadows,Fantasy,56.4,2,In stock (16 available),"The year is 1779, and Carlo Morelli, the most renowned castrato singer in Europe, has been invited as an honored guest to Eszterháza Palace. With Carlo in Prince Nikolaus Esterházy's carriage, ride a Prussian spy and one of the most notorious alchemists in the Habsburg Empire. Already at Eszterháza is Charlotte von Steinbeck, the very proper sister of Prince Nikolaus's mis The year is 1779, and Carlo Morelli, the most renowned castrato singer in Europe, has been invited as an honored guest to Eszterháza Palace. With Carlo in Prince Nikolaus Esterházy's carriage, ride a Prussian spy and one of the most notorious alchemists in the Habsburg Empire. Already at Eszterháza is Charlotte von Steinbeck, the very proper sister of Prince Nikolaus's mistress. Charlotte has retreated to the countryside to mourn her husband's death. Now, she must overcome the ingrained rules of her society in order to uncover the dangerous secrets lurking within the palace's golden walls. Music, magic, and blackmail mingle in a plot to assassinate the Habsburg Emperor and Empress--a plot that can only be stopped if Carlo and Charlotte can see through the masks worn by everyone they meet. ...more",fa9610a50a1bf149,0,https://books.toscrape.com/catalogue/masks-and-shadows_909/index.html,16,Expensive,192,43.6,False
My Paris Kitchen: Recipes and Stories,Food and Drink,33.37,2,In stock (16 available),"A collection of stories and 100 sweet and savory French-inspired recipes from popular food blogger David Lebovitz, reflecting the way Parisians eat today and featuring lush photography taken around Paris and in David's Parisian kitchen.It’s been ten years since David Lebovitz packed up his most treasured cookbooks, a well-worn cast-iron skillet, and his laptop and moved to A collection of stories and 100 sweet and savory French-inspired recipes from popular food blogger David Lebovitz, reflecting the way Parisians eat today and featuring lush photography taken around Paris and in David's Parisian kitchen.It’s been ten years since David Lebovitz packed up his most treasured cookbooks, a well-worn cast-iron skillet, and his laptop and moved to Paris. In that time, the culinary culture of France has shifted as a new generation of chefs and home cooks—most notably in Paris—incorporates ingredients and techniques from around the world into traditional French dishes.      In My Paris Kitchen, David remasters the classics, introduces lesser-known fare, and presents 100 sweet and savory recipes that reflect the way modern Parisians eat today. You’ll find Soupe à l’oignon, Cassoulet, Coq au vin, and Croque-monsieur, as well as Smoky barbecue-style pork, Lamb shank tagine, Dukkah-roasted cauliflower, Salt cod fritters with tartar sauce, and Wheat berry salad with radicchio, root vegetables, and pomegranate. And of course, there’s dessert: Warm chocolate cake with salted butter caramel sauce, Duck fat cookies, Bay leaf poundcake with orange glaze, French cheesecake...and the list goes on. David also shares stories told with his trademark wit and humor, and lush photography taken on location around Paris and in David’s kitchen reveals the quirks, trials, beauty, and joys of life in the culinary capital of the world. ...more",784bc2279baa878d,0,https://books.toscrape.com/catalogue/my-paris-kitchen-recipes-and-stories_910/index.html,16,Medium,280,66.63,False
Obsidian (Lux #1),Young Adult,14.86,2,In stock (16 available),"Starting over sucks.When we moved to West Virginia right before my senior year, I’d pretty much resigned myself to thick accents, dodgy internet access, and a whole lot of boring… until I spotted my hot neighbor, with his looming height and eerie green eyes. Things were looking up.And then he opened his mouth.Daemon is infuriating. Arrogant. Stab-worthy. We do not get alon Starting over sucks.When we moved to West Virginia right before my senior year, I’d pretty much resigned myself to thick accents, dodgy internet access, and a whole lot of boring… until I spotted my hot neighbor, with his looming height and eerie green eyes. Things were looking up.And then he opened his mouth.Daemon is infuriating. Arrogant. Stab-worthy. We do not get along. At all. But when a stranger attacks me and Daemon literally freezes time with a wave of his hand, well, something… unexpected happens. The hot alien living next door marks me.You heard me. Alien. Turns out Daemon and his sister have a galaxy of enemies wanting to steal their abilities, and Daemon’s touch has me lit up like the Vegas Strip. The only way I’m getting out of this alive is by sticking close to Daemon until my alien mojo fades. If I don’t kill him first, that is. ...more",3c346ab1e76ae1f6,0,https://books.toscrape.com/catalogue/obsidian-lux-1_911/index.html,16,Cheap,214,85.14,False
On a Midnight Clear,Add a comment,14.07,3,In stock (16 available),"It's Christmas Eve and private investigator Adam Fraley has lost his way while traveling a remote rural road in the foothills of the Colorado Rockies during a heavy snowstorm. At a loss as to where to turn next, he happens upon an isolated cabin in the woods where he stops to seek directions. There to greet him is the dwelling's lone inhabitant, an enchanting young girl wh It's Christmas Eve and private investigator Adam Fraley has lost his way while traveling a remote rural road in the foothills of the Colorado Rockies during a heavy snowstorm. At a loss as to where to turn next, he happens upon an isolated cabin in the woods where he stops to seek directions. There to greet him is the dwelling's lone inhabitant, an enchanting young girl who invites him out of the storm. Puzzled by the circumstances of a child left home along under such conditions, Fraley soon discovers the horrific reason why, a revelation that launches him into an intensive search for both a killer and a trove of buried gold. ...more",b757c0c361e689ce,0,https://books.toscrape.com/catalogue/on-a-midnight-clear_912/index.html,16,Cheap,180,85.93,False
Online Marketing for Busy Authors: A Step-By-Step Guide,Self Help,46.35,1,In stock (16 available),"If You Want People to Read Your Book, Writing It Is Only the Beginning There has truly never been a better time to be an author. For the first time, authors have direct access to the public via the Internet and can create a community eagerly awaiting their book. But where do new authors start? How do they sort through the dizzying range of online options? Where should they If You Want People to Read Your Book, Writing It Is Only the Beginning There has truly never been a better time to be an author. For the first time, authors have direct access to the public via the Internet and can create a community eagerly awaiting their book. But where do new authors start? How do they sort through the dizzying range of online options? Where should they spend their time online and what should they be doing? Enter Fauzia Burke, a digital book marketing pioneer and friend of overwhelmed writers everywhere. She takes authors step-by-step through the process of identifying their unique personal brand, defining their audience, clarifying their aspirations and goals, and setting priorities. She offers advice on designing a successful website, building a mailing list of superfans, blogging, creating an engagement strategy for social media, and more. By following Burke's expert advice, authors can conquer the Internet and still get their next manuscript in on time. "" ...more",9ffa38d3b832433a,0,https://books.toscrape.com/catalogue/online-marketing-for-busy-authors-a-step-by-step-guide_913/index.html,16,Expensive,231,53.65,False
orange: The Complete Collection 1 (orange: The Complete Collection #1),Sequential Art,48.41,1,In stock (16 available),"A Plea From the FutureOn the day that Naho begins 11th grade, she recieves a letter from herself ten years in the future. At first, she writes it off as a prank, but as the letter’s predictions come true one by one Naho realizes that the letter might be the real deal. Her future self tells Naho that a new transfer student, a boy named Kakeru, will soon join her class. The A Plea From the FutureOn the day that Naho begins 11th grade, she recieves a letter from herself ten years in the future. At first, she writes it off as a prank, but as the letter’s predictions come true one by one Naho realizes that the letter might be the real deal. Her future self tells Naho that a new transfer student, a boy named Kakeru, will soon join her class. The letter begs Naho to watch over him, saying that only Naho can save Kakeru from a terrible future. Who is this mystery boy, and can Naho save him from his destiny? The heart-wrenching sci-fi romance that has over million copies in print in Japan! ...more",11809b1d323b3057,0,https://books.toscrape.com/catalogue/orange-the-complete-collection-1-orange-the-complete-collection-1_914/index.html,16,Expensive,189,51.59,False
"Outcast, Vol. 1: A Darkness Surrounds Him (Outcast #1)",Sequential Art,15.44,4,In stock (16 available),"NEW HORROR SERIES FROM THE WALKING DEAD CREATOR ROBERT KIRKMAN! Kyle Barnes has been plagued by demonic possession all his life and now he needs answers. Unfortunately, what he uncovers along the way could bring about the end of life on Earth as we know it. Collects OUTCAST BY KIRKMAN & AZACETA #1-6.",889139b8e9c4cb36,0,https://books.toscrape.com/catalogue/outcast-vol-1-a-darkness-surrounds-him-outcast-1_915/index.html,16,Cheap,53,84.56,True
Patience,Sequential Art,10.16,3,In stock (16 available),"Patience is a psychedelic science-fiction love story, veering with uncanny precision from violent destruction to deeply personal tenderness in a way that is both quintessentially “Clowesian” and utterly unique in the author’s body of work. This 180-page, full-color original graphic novel affords Clowes the opportunity to draw some of the most exuberant and breathtaking pag Patience is a psychedelic science-fiction love story, veering with uncanny precision from violent destruction to deeply personal tenderness in a way that is both quintessentially “Clowesian” and utterly unique in the author’s body of work. This 180-page, full-color original graphic novel affords Clowes the opportunity to draw some of the most exuberant and breathtaking pages of his life, and to tell his most suspenseful, surprising and affecting story yet. ...more",9429b4d59c537af5,0,https://books.toscrape.com/catalogue/patience_916/index.html,16,Cheap,125,89.84,False
"Political Suicide: Missteps, Peccadilloes, Bad Calls, Backroom Hijinx, Sordid Pasts, Rotten Breaks, and Just Plain Dumb Mistakes in the Annals of American Politics",History,36.28,2,In stock (16 available),"Just in time for the presidential election of 2016 comes Political Suicide, a history of the best and most interesting missteps, peccadilloes, bad calls, back room hijinks, sordid pasts, rotten breaks, and just plain dumb mistakes in the annals of American politics.They have tweeted their private parts to women they're trying to impress. They have gotten caught on tape doi Just in time for the presidential election of 2016 comes Political Suicide, a history of the best and most interesting missteps, peccadilloes, bad calls, back room hijinks, sordid pasts, rotten breaks, and just plain dumb mistakes in the annals of American politics. They have tweeted their private parts to women they're trying to impress. They have gotten caught on tape doing and saying things they really shouldn't have. They have denied knowing about the underhanded doings of underlings — only to have a paper trail lead straight back to them. Nowadays, it seems like half of what we hear about politicians isn't about laws or governing, but is instead coverage focused on shenanigans, questionable morals, and scandals too numerous to count. And while we shake our heads in disbelief, we still can't resist poring over the details of these notorious incidents.In Political Suicide, the foibles of our politicians are brought from the tabloid pages to this entertaining — and cautionary — tale of American history. ...more",7392c0032f92d816,0,https://books.toscrape.com/catalogue/political-suicide-missteps-peccadilloes-bad-calls-backroom-hijinx-sordid-pasts-rotten-breaks-and-just-plain-dumb-mistakes-in-the-annals-of-american-politics_917/index.html,16,Medium,226,63.72,False
"Pop Gun War, Volume 1: Gift",Sequential Art,18.97,1,In stock (16 available),"""Pop Gun War is about childhood, self-discovery, oppression, guilt, dreams, loneliness, whatever. It is more about a feeling you, the reader, get from the story rather than a typical narrative. If you wanted to get literal, it is about an inner city boy, Sinclair, who discovers a pair of discarded angel wings. With these wings, Sinclair flies around the city and gets into ""Pop Gun War is about childhood, self-discovery, oppression, guilt, dreams, loneliness, whatever. It is more about a feeling you, the reader, get from the story rather than a typical narrative. If you wanted to get literal, it is about an inner city boy, Sinclair, who discovers a pair of discarded angel wings. With these wings, Sinclair flies around the city and gets into adventures."" - Farel Dalrymple, series creator From Publishers Weekly: Collecting the first five issues of Dalrymple's acclaimed comic book series Pop Gun War, this book provides a capsule look at Dalrymple's vision of urban fantasy. Set in New York, his stories follow characters with wings, talking fish, giants, dwarves and other fantastical acquaintances and ideas. At the center of it all is a boy named Sinclair, who acquires a set of wings when a tattooed, disgruntled angel pays to have them cut off. Sinclair, a lonely kid prone to bowties and being teased, sets off on a series of encounters across the city. His older sister, a singer in a rock band, is an inspiration and worry; a homeless man of unknown powers and origins joins him; and a band of youths pursue him. Dalrymple renders this gang of eccentrics and mystics in a loose but realistic pen and ink style highly dynamic and tailor-made for depicting New York's teeming city streets. He has a flair for the dramatic as well scenes of Sinclair flying, or of a giant walking the streets, are genuinely affecting, while seeming completely natural and brings to life a subtle kind of cartoon surrealism. The story meanders a bit, and it's not always clear where it's headed, but the fun of Pop Gun War is in its vivid characters and details. It is a fine debut, reminiscent of DC Comics's Vertigo line, with which it should sit comfortably on bookstores' and adventurous readers' shelves. ...more",e80f8e518b300dfe,0,https://books.toscrape.com/catalogue/pop-gun-war-volume-1-gift_918/index.html,16,Cheap,376,81.03,False
Princess Between Worlds (Wide-Awake Princess #5),Fantasy,13.34,5,In stock (16 available),"Just as Annie and Liam are busy making plans to travel the world, a witch shows up and gives them a collection of postcards from the Magic Marketplace. Each postcard gives Annie and Liam the opportunity to travel to exotic lands and far-flung kingdoms. What the witch doesn't give them are directions on how to safely return.",0e691eda369f4e09,0,https://books.toscrape.com/catalogue/princess-between-worlds-wide-awake-princess-5_919/index.html,16,Cheap,57,86.66,True
"Princess Jellyfish 2-in-1 Omnibus, Vol. 01 (Princess Jellyfish 2-in-1 Omnibus #1)",Sequential Art,13.61,5,In stock (16 available),"THE LONG-AWAITED STORY OF FANGIRLS TAKING ON TOKYO!Special large-size 2-in-1 edition of over 400 pages!""One of the best anime and manga for beginners. Enthusiasm - geeky and otherwise - is power in Princess Jellyfish. Enthusiasm saves the day and paves the road to the future."" - Kotaku""Princess Jellyfish's ambition is simple: to tell a delightful story in a delightful way. THE LONG-AWAITED STORY OF FANGIRLS TAKING ON TOKYO!Special large-size 2-in-1 edition of over 400 pages!""One of the best anime and manga for beginners. Enthusiasm - geeky and otherwise - is power in Princess Jellyfish. Enthusiasm saves the day and paves the road to the future."" - Kotaku""Princess Jellyfish's ambition is simple: to tell a delightful story in a delightful way... It's a pretty deadly one-two punch."" - Anime News Network""Loaded with heart, soul, humor and insight."" - About.comSTINGING BEAUTY Tsukimi Kurashita has a strange fascination with jellyfish. She’s loved them from a young age and has carried that love with her to her new life in the big city of Tokyo. There, she resides in Amamizukan, a safe-haven for girl geeks who regularly gush over a range of things from trains to Japanese dolls. However, a chance meeting at a pet shop has Tsukimi crossing paths with one of the things that the residents of Amamizukan have been desperately trying to avoid—a beautiful and fashionable woman! But there’s much more to this woman than her trendy clothes! This odd encounter is only the beginning of a new and unexpected path for Tsukimi and her friends. ...more",0fa6dceead7ce47a,0,https://books.toscrape.com/catalogue/princess-jellyfish-2-in-1-omnibus-vol-01-princess-jellyfish-2-in-1-omnibus-1_920/index.html,16,Cheap,256,86.39,True
